sx,sy,ex,ey
98.0766223612197,496,297.2322126661454,664
970.7584050039093,507,1176.9194683346363,671
0,0,1280,437
0,660,1280,720
94.07349491790461,439,302.2361219702893,496
969.7576231430805,438,1174.9179046129789,507
