sx,sy,ex,ey
0,0,1280,379
201.15715402658327,663,244.19077404222048,720
0,380,374.2924159499609,659
0,661,194.15168100078185,720
1118.8741204065675,582,1280,720
