sx,sy,ex,ey
622,0,642,490
78,192,1159,385
807,377,909,436
637,388,806,455
479,386,620,453
364,387,480,435
228,389,362,414
149,385,228,401
908,385,1019,416
1020,387,1076,409
1078,384,1110,404
742.5801407349492,621,1280,720
0,627,743.5809225957779,720
1142.8928850664581,541,1280,620
