sx,sy,ex,ey
0,542,467.3651290070367,720
0,0,123.09616888193901,542
112.0875684128225,0,494.38623924941356,195
495.38702111024236,0,1280,87
1151.899921813917,88,1280,720
855.6684910086004,89,1150.8991399530883,329
840.6567630961688,88,855.6684910086004,330
550.4300234558249,227,787.6153244722439,445
525.4104769351055,453,1097.8577013291633,720
180.14073494917903,445,1097.8577013291633,456
181.1415168100078,294,389.3041438623925,444
393.30727130570756,373,549.429241594996,445
