sx,sy,ex,ey
0,0,1280,351
537.4198592650508,351,728.5691946833464,416
764.5973416731821,355,928.7255668491008,424
0,615,1280,720
